INSERT INTO tb_user (bairro, cep, complemento, localidade, logradouro, numero, uf, cpf, email, nome, telefone, password, user_type, username) VALUES ('Vila Olímpia', '04545-002', 'Apt 2002', 'São Paulo', 'Rua das Fiandeiras', 470, 'SP', '277.627.008-97', 's__daianeanabernardes@autbook.com', 'Daiane Ana de Melo', '(11) 9260-5643', 'aPdSgVkYp3s6v9y/B?E(H+MbQeThWmZq4t7w!z%C&F)J@NcRfUjXn2r5u8x/A?D(', 'USER', '01username');
INSERT INTO tb_user (bairro, cep, complemento, localidade, logradouro, numero, uf, cpf, email, nome, telefone, password, user_type, username) VALUES ('Lomba do Pinheiro', '91550-052', 'Bl-B, Apt 03', 'Porto Alegre', 'Beco Um', 190, 'RS', '854.985.449-28', 'hugo_gomes@sociedadeweb.com.br', 'Hugo Diego Gomes', '(51) 99952-3622', '&F)J@NcRfUjXn2r5u8x/A?D*G-KaPdSgVkYp3s6v9y$B&E)H+MbQeThWmZq4t7w!', 'USER', '02username');
INSERT INTO tb_user (bairro, cep, complemento, localidade, logradouro, numero, uf, cpf, email, nome, telefone, password, user_type, username) VALUES ('Santos Dumont', '49087-116', 'casa', 'Aracaju', 'Travessa Dezesseis de Novembro II', 956, 'SE', '592.456.821-02', 'yuriotaviobrito@riobc.com.br', 'Yuri Otávio André Brito', '(79) 99474-7612', 'eSgVkYp3s6v9y$B&E)H@McQfTjWmZq4t7w!z%C*F-JaNdRgUkXp2r5u8x/A?D(G+', 'USER', '03username');
INSERT INTO tb_user (bairro, cep, complemento, localidade, logradouro, numero, uf, cpf, email, nome, telefone, password, user_type, username) VALUES ('Jardim Manguinhos', '58103-482', 'Apt 1003', 'Cabedelo', 'Rua Nossa Senhora Aparecida', 12, 'PB', '137.013.226-35', 'aparecida_dapaz@lucaslima.com', 'Aparecida Aline Bernardes da Paz', '(83) 98890-1076', '$2a$10$elzvQmrwIV8dzshedZ3u6ejiMM2v294QHUT3agS9mf/tAK8OuD6sK', 'ADMIN', '04username');
INSERT INTO tb_user (bairro, cep, complemento, localidade, logradouro, numero, uf, cpf, email, nome, telefone, password, user_type, username) VALUES ('Verdes Campos', '57303-094', 'Apt 201', 'Arapiraca', 'Rua Osman Cavalcante', 307, 'AL', '249.968.249-30', 'levi.henrique.sales@yahoo.co.uk', 'Levi Henrique Sales', '(82) 98626-5495', '3t6w9z$C&F)J@NcRfUjWnZr4u7x!A%D*G-KaPdSgVkYp2s5v8y/B?E(H+MbQeThW', 'USER', '05username');
INSERT INTO tb_user (bairro, cep, complemento, localidade, logradouro, numero, uf, cpf, email, nome, telefone, password, user_type, username) VALUES ('Visconde de Mauá', '96508-500', 'Bl-A, Apt 01', 'Cachoeira do Sul', 'Rua João Ferreira Barbosa', 72, 'RS', '877.563.077-04', 'josefamanueladarocha@marcossousa.com', 'Josefa Manuela da Rocha', '(51) 98897-9401', ')J@NcRfUjXn2r5u8x!A%D*G-KaPdSgVkYp3s6v9y$B?E(H+MbQeThWmZq4t7w!z%', 'ADMIN', '06username');
INSERT INTO tb_user (bairro, cep, complemento, localidade, logradouro, numero, uf, cpf, email, nome, telefone, password, user_type, username) VALUES ('Tupi B', '31842-687', 'casa C', 'Belo Horizonte', 'Rua Flor do Espigão', 120, 'MG', '861.069.665-08', 'samuelmanueldacruz@hotamail.com', 'Samuel Manuel da Cruz', '(31) 98492-6857', 'eThWmZq4t7w!z%C*F-JaNdRgUjXn2r5u8x/A?D(G+KbPeShVmYq3s6v9y$B&E)H@', 'USER', '07username');
INSERT INTO tb_user (bairro, cep, complemento, localidade, logradouro, numero, uf, cpf, email, nome, telefone, password, user_type, username) VALUES ('Centro', '88130-010', 'Bl-B, Apt-702', 'Palhoça', 'Rua Vilma Ramos de Souza', 407, 'SC', '559.435.790-44', 'ester_silvana_melo@eternalam.com.br', 'Ester Silvana Bertrand', '(48) 99747-9393', 'H@McQfTjWnZr4u7w!z%C*F-JaNdRgUkXp2s5v8y/A?D(G+KbPeShVmYq3t6w9z$C', 'USER', '08username');
INSERT INTO tb_user (bairro, cep, complemento, localidade, logradouro, numero, uf, cpf, email, nome, telefone, password, user_type, username) VALUES ('Partenon', '90680-230', 'Bl-A, Apt-201', 'Porto Alegre', 'Rua Marquês de Barbacena', 163, 'RS', '155.312.731-50', 'daniel_isaac_dacunha@gestion.com.br', 'Daniel Serafin da Cunha', '(51) 99415-5843', '*G-JaNdRgUkXp2s5v8y/B?E(H+MbPeShVmYq3t6w9z$C&F)J@NcRfTjWnZr4u7x!', 'USER', '09username');
INSERT INTO tb_user (bairro, cep, complemento, localidade, logradouro, numero, uf, cpf, email, nome, telefone, password, user_type, username) VALUES ('Centro', '65660-970', 'casa', 'Barão de Grajaú', 'Rua Pedro Ferreira Góes', 824, 'MA', '168.832.296-55', 'manuel-duarte76@abdalathomaz.adv.br', 'Manuel César Bergman', '(99) 98131-7698', 'Xp2s5v8y/B?E(H+MbQeThWmZq3t6w9z$C&F)J@NcRfUjXn2r5u7x!A%D*G-KaPdS', 'USER', '10username');

INSERT INTO tb_roles (role_id, role_name) VALUES ('1166380e204b48d096b4692f692ca8ad', 'ROLE_ADMIN');
INSERT INTO tb_roles (role_id, role_name) VALUES ('2266380e204b48d096b4692f692ca8ad', 'ROLE_USER');

INSERT INTO tb_users_roles (user_id, role_id) VALUES ('277.627.008-97', '2266380e204b48d096b4692f692ca8ad');
INSERT INTO tb_users_roles (user_id, role_id) VALUES ('854.985.449-28', '2266380e204b48d096b4692f692ca8ad');
INSERT INTO tb_users_roles (user_id, role_id) VALUES ('592.456.821-02', '2266380e204b48d096b4692f692ca8ad');
INSERT INTO tb_users_roles (user_id, role_id) VALUES ('137.013.226-35', '1166380e204b48d096b4692f692ca8ad');
INSERT INTO tb_users_roles (user_id, role_id) VALUES ('249.968.249-30', '2266380e204b48d096b4692f692ca8ad');
INSERT INTO tb_users_roles (user_id, role_id) VALUES ('877.563.077-04', '1166380e204b48d096b4692f692ca8ad');
INSERT INTO tb_users_roles (user_id, role_id) VALUES ('861.069.665-08', '2266380e204b48d096b4692f692ca8ad');
INSERT INTO tb_users_roles (user_id, role_id) VALUES ('559.435.790-44', '2266380e204b48d096b4692f692ca8ad');
INSERT INTO tb_users_roles (user_id, role_id) VALUES ('155.312.731-50', '2266380e204b48d096b4692f692ca8ad');
INSERT INTO tb_users_roles (user_id, role_id) VALUES ('168.832.296-55', '2266380e204b48d096b4692f692ca8ad');

