INSERT INTO tb_user_replica (bairro, cep, complemento, localidade, logradouro, numero, uf, cpf, email, nome, telefone) VALUES ('Vila Olímpia', '04545-002', 'Apt 2002', 'São Paulo', 'Rua das Fiandeiras', 470, 'SP', '277.627.008-97', 's__daianeanabernardes@autbook.com', 'Daiane Ana de Melo', '(11) 9260-5643');
INSERT INTO tb_user_replica (bairro, cep, complemento, localidade, logradouro, numero, uf, cpf, email, nome, telefone) VALUES ('Lomba do Pinheiro', '91550-052', 'Bl-B, Apt 03', 'Porto Alegre', 'Beco Um', 190, 'RS', '854.985.449-28', 'hugo_gomes@sociedadeweb.com.br', 'Hugo Diego Gomes', '(51) 99952-3622');
INSERT INTO tb_user_replica (bairro, cep, complemento, localidade, logradouro, numero, uf, cpf, email, nome, telefone) VALUES ('Santos Dumont', '49087-116', 'casa', 'Aracaju', 'Travessa Dezesseis de Novembro II', 956, 'SE', '592.456.821-02', 'yuriotaviobrito@riobc.com.br', 'Yuri Otávio André Brito', '(79) 99474-7612');
INSERT INTO tb_user_replica (bairro, cep, complemento, localidade, logradouro, numero, uf, cpf, email, nome, telefone) VALUES ('Jardim Manguinhos', '58103-482', 'Apt 1003', 'Cabedelo', 'Rua Nossa Senhora Aparecida', 12, 'PB', '137.013.226-35', 'aparecida_dapaz@lucaslima.com', 'Aparecida Aline Bernardes da Paz', '(83) 98890-1076');
INSERT INTO tb_user_replica (bairro, cep, complemento, localidade, logradouro, numero, uf, cpf, email, nome, telefone) VALUES ('Verdes Campos', '57303-094', 'Apt 201', 'Arapiraca', 'Rua Osman Cavalcante', 307, 'AL', '249.968.249-30', 'levi.henrique.sales@yahoo.co.uk', 'Levi Henrique Sales', '(82) 98626-5495');
INSERT INTO tb_user_replica (bairro, cep, complemento, localidade, logradouro, numero, uf, cpf, email, nome, telefone) VALUES ('Visconde de Mauá', '96508-500', 'Bl-A, Apt 01', 'Cachoeira do Sul', 'Rua João Ferreira Barbosa', 72, 'RS', '877.563.077-04', 'josefamanueladarocha@marcossousa.com', 'Josefa Manuela da Rocha', '(51) 98897-9401');
INSERT INTO tb_user_replica (bairro, cep, complemento, localidade, logradouro, numero, uf, cpf, email, nome, telefone) VALUES ('Tupi B', '31842-687', 'casa C', 'Belo Horizonte', 'Rua Flor do Espigão', 120, 'MG', '861.069.665-08', 'samuelmanueldacruz@hotamail.com', 'Samuel Manuel da Cruz', '(31) 98492-6857');
INSERT INTO tb_user_replica (bairro, cep, complemento, localidade, logradouro, numero, uf, cpf, email, nome, telefone) VALUES ('Centro', '88130-010', 'Bl-B, Apt-702', 'Palhoça', 'Rua Vilma Ramos de Souza', 407, 'SC', '559.435.790-44', 'ester_silvana_melo@eternalam.com.br', 'Ester Silvana Bertrand', '(48) 99747-9393');
INSERT INTO tb_user_replica (bairro, cep, complemento, localidade, logradouro, numero, uf, cpf, email, nome, telefone) VALUES ('Partenon', '90680-230', 'Bl-A, Apt-201', 'Porto Alegre', 'Rua Marquês de Barbacena', 163, 'RS', '155.312.731-50', 'daniel_isaac_dacunha@gestion.com.br', 'Daniel Serafin da Cunha', '(51) 99415-5843');
INSERT INTO tb_user_replica (bairro, cep, complemento, localidade, logradouro, numero, uf, cpf, email, nome, telefone) VALUES ('Centro', '65660-970', 'casa', 'Barão de Grajaú', 'Rua Pedro Ferreira Góes', 824, 'MA', '168.832.296-55', 'manuel-duarte76@abdalathomaz.adv.br', 'Manuel César Bergman', '(99) 98131-7698');


INSERT INTO tb_infracao (codigo_da_infracao, infracao_de_transito, pontos_na_carteira, valor_da_multa) VALUES ('52070', 'Dirigir sem atenção ou sem os cuidados indispensáveis à segurança', '03pts, Infração Leve', '88.38');
INSERT INTO tb_infracao (codigo_da_infracao, infracao_de_transito, pontos_na_carteira, valor_da_multa) VALUES ('53630', 'Fazer ou deixar que se faça reparo em veículos nas vias (quando não rodovia / transito rápido)', '03pts, Infração Leve', '88.38');
INSERT INTO tb_infracao (codigo_da_infracao, infracao_de_transito, pontos_na_carteira, valor_da_multa) VALUES ('53980', 'Estacionar afastado da guia da calçada (meio-fio) de 50cm a 1m', '03pts, Infração Leve', '88.38');
INSERT INTO tb_infracao (codigo_da_infracao, infracao_de_transito, pontos_na_carteira, valor_da_multa) VALUES ('52231', 'Usar veículo para arremessar sobre os pedestres água ou detritos', '04pts, Infração Média', '130.16');
INSERT INTO tb_infracao (codigo_da_infracao, infracao_de_transito, pontos_na_carteira, valor_da_multa) VALUES ('52232', 'Usar veículo para arremessar sobre os veículos água ou detritos', '04pts, Infração Média', '130.16');
INSERT INTO tb_infracao (codigo_da_infracao, infracao_de_transito, pontos_na_carteira, valor_da_multa) VALUES ('52311', 'Atirar do veículo objetos ou substâncias', '04pts, Infração Média', '130.16');
INSERT INTO tb_infracao (codigo_da_infracao, infracao_de_transito, pontos_na_carteira, valor_da_multa) VALUES ('51851', 'Deixar o condutor de usar o cinto segurança', '05pts, Infração Grave', '195.23');
INSERT INTO tb_infracao (codigo_da_infracao, infracao_de_transito, pontos_na_carteira, valor_da_multa) VALUES ('51852', 'Deixar o passageiro de usar o cinto segurança', '05pts, Infração Grave', '195.23');
INSERT INTO tb_infracao (codigo_da_infracao, infracao_de_transito, pontos_na_carteira, valor_da_multa) VALUES ('53390', 'Deixar o condutor de prestar socorro vítima acidente de trânsito, qdo solicit por agente', '05pts, Infração Grave', '195.23');
INSERT INTO tb_infracao (codigo_da_infracao, infracao_de_transito, pontos_na_carteira, valor_da_multa) VALUES ('50100', 'Dirigir veículo sem possuir CNH / PPD / ACC', '07pts, Infração Gravíssima', '880.41');
INSERT INTO tb_infracao (codigo_da_infracao, infracao_de_transito, pontos_na_carteira, valor_da_multa) VALUES ('50291', 'Dirigir veiculo com CNH / PPD / ACC cassada', '07pts, Infração Gravíssima', '880.41');
INSERT INTO tb_infracao (codigo_da_infracao, infracao_de_transito, pontos_na_carteira, valor_da_multa) VALUES ('50292', 'Dirigir veículo com CNH / PPD / ACC com suspensão do direito de dirigir', '07pts, Infração Gravíssima', '880.41');
INSERT INTO tb_infracao (codigo_da_infracao, infracao_de_transito, pontos_na_carteira, valor_da_multa) VALUES ('51691', 'Dirigir sob a influência de álcool', 'INFRAÇÃO AUTO-SUSPENSIVA', '2934.70');
INSERT INTO tb_infracao (codigo_da_infracao, infracao_de_transito, pontos_na_carteira, valor_da_multa) VALUES ('51692', 'Dirigir sob influência de qualquer outra substância que determine dependência', 'INFRAÇÃO AUTO-SUSPENSIVA', '2934.70');
INSERT INTO tb_infracao (codigo_da_infracao, infracao_de_transito, pontos_na_carteira, valor_da_multa) VALUES ('52151', 'Dirigir ameaçando os pedestres que estejam atravessando a via pública', 'INFRAÇÃO AUTO-SUSPENSIVA', '293.47'); 


INSERT INTO tb_automovel (placa, ano, cor, marca, modelo, renavam) VALUES ('BRG-7406', '1993', 'Marrom', 'Asia Motors', 'Towner SDX / DLX/ Std.', '85047151675');
INSERT INTO tb_automovel (placa, ano, cor, marca, modelo, renavam) VALUES ('KID-0001', '2000', 'Branco', 'Ford', 'Fiesta TIT.Plus 1.0 12V EcoBoost Aut. 5p', '98656030721');
INSERT INTO tb_automovel (placa, ano, cor, marca, modelo, renavam) VALUES ('JKY-8851', '2003', 'Vermelho', 'Fiat', 'Strada Adv/Adv TRYON 1.8 mpi Flex 8V CE', '28599731311');
INSERT INTO tb_automovel (placa, ano, cor, marca, modelo, renavam) VALUES ('AFJ-8632', '1988', 'Cinza', 'Land Rover', 'Range R. Vogue 4.4 TDV8/SDV8 Diesel Aut.', '71737113846');
INSERT INTO tb_automovel (placa, ano, cor, marca, modelo, renavam) VALUES ('ZGT-8643', '2010', 'Amarelo', 'Suzuki', 'Grand Vitara 2.0 16V 4x2/4x4 5p Aut.', '13134025093');
INSERT INTO tb_automovel (placa, ano, cor, marca, modelo, renavam) VALUES ('TRW-5495', '2015', 'Cinza', 'Renault', 'Clio Sed RT/ Privil', '24771669680');
INSERT INTO tb_automovel (placa, ano, cor, marca, modelo, renavam) VALUES ('NEH-8723', '1992', 'Vermelho', 'VW - VolksWagen', 'Saveiro CROSSOVER 1.6 Mi Total Flex 8V', '38533649312');
INSERT INTO tb_automovel (placa, ano, cor, marca, modelo, renavam) VALUES ('MXN-3470', '1989', 'Amarelo', 'VW - VolksWagen', 'up! take 1.0 T. Flex 12V 3p', '64923416516');
INSERT INTO tb_automovel (placa, ano, cor, marca, modelo, renavam) VALUES ('LVV-0298', '2021', 'Branco', 'Troller', 'T-4 4x4 3.0 TB Int. Cap. R', '76669865974');
INSERT INTO tb_automovel (placa, ano, cor, marca, modelo, renavam) VALUES ('MOK-2136', '2017', 'Preto', 'Fiat', 'UNO WAY 1.0 EVO Fire Flex 8V 5p', '41452044445');


INSERT INTO tb_autuacao (id_api_autuacao, created_at, placa_do_carro, status, updated_at, id_automovel, id_infracao, cpf) VALUES ('015d8a5078e74a34b8ca8743c95d2fd2', '2022-07-10 11:05:55.365287','BRG-7406', 'NAO_PAGA', null, 'BRG-7406', '52070', '277.627.008-97');
INSERT INTO tb_autuacao (id_api_autuacao, created_at, placa_do_carro, status, updated_at, id_automovel, id_infracao, cpf) VALUES ('115d8a5078e74a34b8ca8743c95d2fd2', '2022-05-02 09:19:33.365287','BRG-7406', 'PAGA', '2022-05-22 09:19:33.365287', 'BRG-7406','53630', '559.435.790-44');
INSERT INTO tb_autuacao (id_api_autuacao, created_at, placa_do_carro, status, updated_at, id_automovel, id_infracao, cpf) VALUES ('215d8a5078e74a34b8ca8743c95d2fd2', '2021-02-02 07:12:27.365287','JKY-8851', 'PAGA', '2021-03-23 07:12:27.365287', 'JKY-8851','52151', '592.456.821-02');
INSERT INTO tb_autuacao (id_api_autuacao, created_at, placa_do_carro, status, updated_at, id_automovel, id_infracao, cpf) VALUES ('315d8a5078e74a34b8ca8743c95d2fd2', '2021-02-09 22:32:11.365287','AFJ-8632', 'CONVERTIDA_EM_ADVERTENCIA', '2021-02-25 22:32:11.365287', 'AFJ-8632','52311', '277.627.008-97');
--INSERT INTO tb_autuacao (id_api_autuacao, created_at, placa_do_carro, status, updated_at, id_automovel, id_infracao, cpf) VALUES ('415d8a5078e74a34b8ca8743c95d2fd2', '2022-10-25 17:23:35.365287','ZGT-8643', 'CANCELADA_POR_INCONSISTENCIA_OU_IRREGULARIDADE', '2022-10-29 09:32:35.365287', 'ZGT-8643', '52151', '854.985.449-28');
INSERT INTO tb_autuacao (id_api_autuacao, created_at, placa_do_carro, status, updated_at, id_automovel, id_infracao, cpf) VALUES ('515d8a5078e74a34b8ca8743c95d2fd2', '2021-04-12 13:43:17.365287','TRW-5495', 'NAO_PAGA', null, 'TRW-5495', '50292', '249.968.249-30');
INSERT INTO tb_autuacao (id_api_autuacao, created_at, placa_do_carro, status, updated_at, id_automovel, id_infracao, cpf) VALUES ('615d8a5078e74a34b8ca8743c95d2fd2', '2022-11-21 15:43:17.365287','ZGT-8643', 'CONVERTIDA_EM_ADVERTENCIA', '2022-11-27 09:22:17.365287', 'ZGT-8643', '50100', '592.456.821-02');
--INSERT INTO tb_autuacao (id_api_autuacao, created_at, placa_do_carro, status, updated_at, id_automovel, id_infracao, cpf) VALUES ('715d8a5078e74a34b8ca8743c95d2fd2', '2020-02-13 19:09:17.365287','NEH-8723', 'CANCELADA_POR_INCONSISTENCIA_OU_IRREGULARIDADE', '2020-04-25 12:37:17.365287', 'NEH-8723', '53980', '249.968.249-30');
INSERT INTO tb_autuacao (id_api_autuacao, created_at, placa_do_carro, status, updated_at, id_automovel, id_infracao, cpf) VALUES ('815d8a5078e74a34b8ca8743c95d2fd2', '2020-12-03 23:53:17.365287','NEH-8723', 'NAO_PAGA', null, 'NEH-8723', '51692', '877.563.077-04');
INSERT INTO tb_autuacao (id_api_autuacao, created_at, placa_do_carro, status, updated_at, id_automovel, id_infracao, cpf) VALUES ('915d8a5078e74a34b8ca8743c95d2fd2', '2021-01-22 07:28:17.365287','ZGT-8643', 'NAO_PAGA', null, 'ZGT-8643', '53630', '861.069.665-08');
INSERT INTO tb_autuacao (id_api_autuacao, created_at, placa_do_carro, status, updated_at, id_automovel, id_infracao, cpf) VALUES ('925d8a5078e74a34b8ca8743c95d2fd2', '2021-03-17 07:28:17.365287','TRW-5495', 'CONVERTIDA_EM_ADVERTENCIA', '2021-03-22 07:28:17.365287', 'TRW-5495', '51692', '877.563.077-04');
INSERT INTO tb_autuacao (id_api_autuacao, created_at, placa_do_carro, status, updated_at, id_automovel, id_infracao, cpf) VALUES ('935d8a5078e74a34b8ca8743c95d2fd2', '2021-01-04 10:13:17.365287','AFJ-8632', 'PAGA', '2021-01-27 13:29:17.365287','AFJ-8632', '52070', '592.456.821-02');

